{
  "dataset_info": {
    "total_molecules": 1584663,
    "total_rings": 4073844,
    "avg_rings_per_molecule": 2.5707951785332277
  },
  "ring_count_distribution": {
    "2": 629131,
    "3": 664909,
    "1": 115163,
    "4": 168742,
    "5": 6085,
    "6": 45,
    "7": 3,
    "0": 584,
    "8": 1
  },
  "ring_length_distribution": {
    "5": 1338283,
    "6": 2566456,
    "7": 38739,
    "4": 24538,
    "3": 102047,
    "12": 232,
    "11": 654,
    "8": 2730,
    "9": 138,
    "10": 10,
    "14": 3,
    "13": 14
  },
  "ring_count_rates": {
    "\u22640": 0.000368532615451992,
    "\u22641": 0.0730420284943865,
    "\u22642": 0.4700545163230289,
    "\u22643": 0.8896446752400984,
    "\u22644": 0.996129145439756,
    "\u22645": 0.9999690785990459
  },
  "ring_length_rates": {
    "\u22643": 0.0005161980812324134,
    "\u22644": 0.000620952215076644,
    "\u22645": 0.04877314608847433,
    "\u22646": 0.9736107929572407,
    "\u22647": 0.9976278868125273,
    "\u22648": 0.9993456021879731
  },
  "planarity": {
    "planar_molecules": 1584663,
    "non_planar_molecules": 0,
    "planarity_rate": 1.0
  }
}