{
  "analysis_type": "full",
  "dataset_info": {
    "total_molecules": 1936962,
    "total_rings": 5005105,
    "avg_rings_per_molecule": 2.5839975177623518
  },
  "ring_count_distribution": {
    "2": 771658,
    "3": 821207,
    "1": 127735,
    "4": 208075,
    "5": 7550,
    "6": 59,
    "7": 3,
    "0": 674,
    "8": 1
  },
  "ring_length_distribution": {
    "5": 1649905,
    "6": 3146395,
    "7": 47282,
    "4": 30572,
    "3": 126295,
    "12": 277,
    "11": 790,
    "8": 3367,
    "9": 186,
    "10": 15,
    "14": 3,
    "13": 18
  },
  "ring_count_rates": {
    "\u22640": 0.00034796759048448035,
    "\u22641": 0.06629402125596681,
    "\u22642": 0.4646797407486569,
    "\u22643": 0.8886462408658508,
    "\u22644": 0.9960696182991716,
    "\u22645": 0.9999674748394651
  },
  "ring_length_rates": {
    "\u22643": 0.0004909750423601495,
    "\u22644": 0.0005937132478592766,
    "\u22645": 0.0482028041851105,
    "\u22646": 0.9736324202539853,
    "\u22647": 0.9976122401988268,
    "\u22648": 0.9993438177930182
  },
  "planarity": {
    "planar_molecules": 1936962,
    "non_planar_molecules": 0,
    "planarity_rate": 1.0
  }
}