{
  "analysis_type": "full",
  "dataset_info": {
    "total_molecules": 130828,
    "total_rings": 213379,
    "avg_rings_per_molecule": 1.6309887791604243
  },
  "ring_count_distribution": {
    "0": 13387,
    "1": 51445,
    "2": 41360,
    "3": 19795,
    "4": 4385,
    "5": 447,
    "6": 9
  },
  "ring_length_distribution": {
    "3": 66006,
    "4": 64339,
    "5": 58843,
    "6": 19823,
    "7": 3770,
    "8": 504,
    "9": 94
  },
  "ring_count_rates": {
    "\u22640": 0.10232519032622986,
    "\u22641": 0.495551411012933,
    "\u22642": 0.8116916867948757,
    "\u22643": 0.9629972177209771,
    "\u22644": 0.996514507597762,
    "\u22645": 0.999931207386798
  },
  "ring_length_rates": {
    "\u22643": 0.21250802580487357,
    "\u22644": 0.4491699024673617,
    "\u22645": 0.8228819518757452,
    "\u22646": 0.9673846577185312,
    "\u22647": 0.9954291130339071,
    "\u22648": 0.9992814993732229
  },
  "planarity": {
    "planar_molecules": 130828,
    "non_planar_molecules": 0,
    "planarity_rate": 1.0
  }
}