{
  "analysis_type": "training",
  "dataset_info": {
    "total_molecules": 97732,
    "total_rings": 159500,
    "avg_rings_per_molecule": 1.632014079318954
  },
  "ring_count_distribution": {
    "0": 10059,
    "1": 38324,
    "2": 30878,
    "3": 14823,
    "4": 3297,
    "5": 343,
    "6": 8
  },
  "ring_length_distribution": {
    "3": 49268,
    "4": 48186,
    "5": 43870,
    "6": 14940,
    "7": 2780,
    "8": 381,
    "9": 75
  },
  "ring_count_rates": {
    "\u22640": 0.10292432366062293,
    "\u22641": 0.49505791347767364,
    "\u22642": 0.8110035607579913,
    "\u22643": 0.9626734334711251,
    "\u22644": 0.9964085458191789,
    "\u22645": 0.9999181434944542
  },
  "ring_length_rates": {
    "\u22643": 0.21183440428928088,
    "\u22644": 0.4491057176769124,
    "\u22645": 0.8218904759955797,
    "\u22646": 0.9676666803094176,
    "\u22647": 0.9953341791838907,
    "\u22648": 0.9992325952605083
  },
  "planarity": {
    "planar_molecules": 97732,
    "non_planar_molecules": 0,
    "planarity_rate": 1.0
  }
}